<?xml version="1.0" encoding="UTF-8"?>
<!-- configuration file for LogBack (slf4J implementation)
See here for more details: http://gordondickens.com/wordpress/2013/03/27/sawing-through-the-java-loggers/ -->
<configuration scan="true" scanPeriod="30 seconds">

    <contextListener class="ch.qos.logback.classic.jul.LevelChangePropagator">
        <resetJUL>true</resetJUL>
    </contextListener>

    <!-- To enable JMX Management -->
    <jmxConfigurator/>

    <appender name="console" class="ch.qos.logback.core.ConsoleAppender">
        <encoder>
            <!-- pattern>%-5level %logger{0} - %msg%n</pattern-->
            <pattern>%d{HH:mm:ss.SSS} [%thread] %-5level %logger{36} - %msg%n</pattern>
        </encoder>
    </appender>
    <!--Daily rolling file appender -->
    <appender name="FILE" class="ch.qos.logback.core.rolling.RollingFileAppender">
        <File>logs/household.log</File>
        <rollingPolicy class="ch.qos.logback.core.rolling.TimeBasedRollingPolicy">
            <!-- daily rollover -->
            <FileNamePattern>logs\logFile.%d{yyyy-MM-dd}.%i.log</FileNamePattern>
            <timeBasedFileNamingAndTriggeringPolicy class="ch.qos.logback.core.rolling.SizeAndTimeBasedFNATP">
                <maxFileSize>1MB</maxFileSize>
            </timeBasedFileNamingAndTriggeringPolicy>
            <!-- keep 30 days' worth of history -->
            <maxHistory>30</maxHistory>
        </rollingPolicy>
        <layout class="ch.qos.logback.classic.PatternLayout">
            <pattern>%d{HH:mm:ss.SSS} [%thread] %-5level %logger{36} - %msg%n</pattern>
        </layout>
    </appender>
    <root level="debug">
        <appender-ref ref="console"/>
        <appender-ref ref="FILE"/>
    </root>
</configuration>
