<?xml version="1.0" encoding="UTF-8" ?>
<!DOCTYPE log4j:configuration>
<log4j:configuration debug="true" xmlns:log4j='http://jakarta.apache.org/log4j/'>
	<appender name="console" class="org.apache.log4j.ConsoleAppender">
		<param name="Target" value="System.out" />
		<layout class="org.apache.log4j.PatternLayout">
			<param name="ConversionPattern" value="%d{yyyy-MM-dd HH:mm:ss} %-5p %c{2}:%L - %m%n" />
		</layout>
	</appender>
	<appender name="file" class="org.apache.log4j.RollingFileAppender">
		<param name="append" value="true" />
		<param name="maxFileSize" value="10KB" />
		<param name="maxBackupIndex" value="5" />
		<param name="file" value="d:/log/oneId.log" />
		<layout class="org.apache.log4j.PatternLayout">
			<param name="ConversionPattern" value="%d{yyyy-MM-dd HH:mm:ss} %-5p %c{2}:%L - %m%n" />
		</layout>
	</appender>
	<root>
		<level value="ALL" />
		<appender-ref ref="file" />
		<appender-ref ref="console" />
	</root>
</log4j:configuration>