{
        "node":                 true,
        "mocha":                true,
        "bitwise":              false,
        "curly":                true,
        "eqeqeq":               true,
        "es3":                  false,
        "forin":                true,
        "immed":                true,
        "indent":               false,
        "latedef":              false,
        "newcap":               false,
        "noarg":                true,
        "noempty":              false,
        "nonew":                false,
        "plusplus":             false,
        "quotmark":             false,
        "undef":                true,
        "unused":               true,
        "strict":               true,
        "trailing":             false,
        "maxparams":            false,
        "maxdepth":             false,
        "maxstatements":        false,
        "maxcomplexity":        false,
        "maxlen":               false,
        "asi":                  false,
        "boss":                 false,
        "debug":                false,
        "eqnull":               false,
        "esnext":               false,
        "evil":                 false,
        "expr":                 true,
        "funcscope":            true,
        "globalstrict":         true,
        "iterator":             false,
        "lastsemic":            false,
        "laxbreak":             false,
        "laxcomma":             false,
        "loopfunc":             false,
        "multistr":             false,
        "proto":                false,
        "scripturl":            false,
        "smarttabs":            false,
        "shadow":               false,
        "sub":                  false,
        "supernew":             true,
        "validthis":            true
}
